SampleID,Sample Name,seqrun,f_primer,r_primer,Cycles,Annealing temperature,Taq,Project Description/ Owner,psyllid_family,psyllid_genus,psyllid_spp,hostplant_spp,Collection Date
30_S30,30,2,16S_F,16S_R,25,55,KAPA 3G,NZ Psyllids/Martoni F.,Psyllidae,Acizzia,Acizzia acaciae,Acacia melanoxylon,14/09/2014
95_S81,95,2,16S_F,16S_R,25,55,KAPA 3G,NZ Psyllids/Martoni F.,Psyllidae,Acizzia,Acizzia acaciae,Acacia melanoxylon,26/02/2015
123_S103,123,2,16S_F,16S_R,25,55,KAPA 3G,NZ Psyllids/Martoni F.,Psyllidae,Acizzia,Acizzia acaciae,Acacia melanoxylon,22/03/2015
145_S118,145,2,16S_F,16S_R,25,55,KAPA 3G,NZ Psyllids/Martoni F.,Psyllidae,Acizzia,Acizzia acaciae,Acacia melanoxylon,28/03/2015
NSW1A_S64,NSW1A,1,16S_F,16S_R,25,55,KAPA 3G,NZ Psyllids/Martoni F.,Psyllidae,Acizzia,Acizzia acaciaebaileyanae,Acacia baileyana,4/11/2014
NSW1B_S65,NSW1B,1,16S_F,16S_R,25,55,KAPA 3G,NZ Psyllids/Martoni F.,Psyllidae,Acizzia,Acizzia acaciaebaileyanae,Acacia baileyana,4/11/2014
NSW1b_S172,NSW1B,2,16S_F,16S_R,25,55,KAPA 3G,NZ Psyllids/Martoni F.,Psyllidae,Acizzia,Acizzia acaciaebaileyanae,Acacia baileyana,4/11/2014
NSW1C_S66,NSW1C,1,16S_F,16S_R,25,55,KAPA 3G,NZ Psyllids/Martoni F.,Psyllidae,Acizzia,Acizzia acaciaebaileyanae,Acacia baileyana,4/11/2014
58_S55,58,2,16S_F,16S_R,25,55,KAPA 3G,NZ Psyllids/Martoni F.,Psyllidae,Acizzia,Acizzia albizziae,Acacia sp.,23/01/2015
74_S66,74,2,16S_F,16S_R,25,55,KAPA 3G,NZ Psyllids/Martoni F.,Psyllidae,Acizzia,Acizzia albizziae,Acacia sp.,17/02/2015
179_S143,179,2,16S_F,16S_R,25,55,KAPA 3G,NZ Psyllids/Martoni F.,Psyllidae,Acizzia,Acizzia albizziae,Acacia sp.,17/04/2015
11A_S89,11A,1,16S_F,16S_R,25,55,KAPA 3G,NZ Psyllids/Martoni F.,Psyllidae,Acizzia,Acizzia albizziae,Acacia sp.,19/09/2014
11B_S90,11B,1,16S_F,16S_R,25,55,KAPA 3G,NZ Psyllids/Martoni F.,Psyllidae,Acizzia,Acizzia jucunda,Acacia sp.,19/09/2014
19B_S62,19B,1,16S_F,16S_R,25,55,KAPA 3G,NZ Psyllids/Martoni F.,Psyllidae,Acizzia,Acizzia albizziae,Acacia sp.,24/09/2014
19VOUCHB_S18,19B,2,16S_F,16S_R,25,55,KAPA 3G,NZ Psyllids/Martoni F.,Psyllidae,Acizzia,Acizzia albizziae,Acacia sp.,24/09/2014
10_S10,10,2,16S_F,16S_R,25,55,KAPA 3G,NZ Psyllids/Martoni F.,Psyllidae,Acizzia,Acizzia dodonaeae,Dodonaea viscosa,19/09/2014
13_S12,13,2,16S_F,16S_R,25,55,KAPA 3G,NZ Psyllids/Martoni F.,Psyllidae,Acizzia,Acizzia dodonaeae,Dodonaea viscosa,21/09/2014
17_S15,17,2,16S_F,16S_R,25,55,KAPA 3G,NZ Psyllids/Martoni F.,Psyllidae,Acizzia,Acizzia dodonaeae,Dodonaea viscosa,22/09/2014
12A_S85,12A,1,16S_F,16S_R,25,55,KAPA 3G,NZ Psyllids/Martoni F.,Psyllidae,Acizzia,Acizzia dodonaeae,Dodonaea viscosa,19/09/2014
12B_S86,12B,1,16S_F,16S_R,25,55,KAPA 3G,NZ Psyllids/Martoni F.,Psyllidae,Acizzia,Acizzia dodonaeae,Dodonaea viscosa,19/09/2014
18A_S87,18A,1,16S_F,16S_R,25,55,KAPA 3G,NZ Psyllids/Martoni F.,Psyllidae,Acizzia,Acizzia dodonaeae,Dodonaea viscosa,23/09/2014
18B_S88,18B,1,16S_F,16S_R,25,55,KAPA 3G,NZ Psyllids/Martoni F.,Psyllidae,Acizzia,Acizzia dodonaeae,Dodonaea viscosa,23/09/2014
SI1_S178,SI1,2,16S_F,16S_R,25,55,KAPA 3G,NZ Psyllids/Martoni F.,Psyllidae,Acizzia,Acizzia dodonaeae,Dodonaea viscosa,14/10/2014
180_S144,180,2,16S_F,16S_R,25,55,KAPA 3G,NZ Psyllids/Martoni F.,Psyllidae,Acizzia,Acizzia errabunda,Acacia baileyana,17/07/2015
3_S2,3,2,16S_F,16S_R,25,55,KAPA 3G,NZ Psyllids/Martoni F.,Psyllidae,Acizzia,Acizzia hakeae,Hakea acicularis,1/09/2014
16_S14,16,2,16S_F,16S_R,25,55,KAPA 3G,NZ Psyllids/Martoni F.,Psyllidae,Acizzia,Acizzia hakeae,Hakea acicularis,22/09/2014
80_S70,80,2,16S_F,16S_R,25,55,KAPA 3G,NZ Psyllids/Martoni F.,Psyllidae,Acizzia,Acizzia hakeae,Grevillea sp.,23/02/2015
11a_S11,11A,2,16S_F,16S_R,25,55,KAPA 3G,NZ Psyllids/Martoni F.,Psyllidae,Acizzia,Acizzia jucunda,Acacia sp.,19/09/2014
19A_S61,19A,1,16S_F,16S_R,25,55,KAPA 3G,NZ Psyllids/Martoni F.,Psyllidae,Acizzia,Acizzia jucunda,Acacia sp.,24/09/2014
19a_S16,19A,2,16S_F,16S_R,25,55,KAPA 3G,NZ Psyllids/Martoni F.,Psyllidae,Acizzia,Acizzia jucunda,Acacia sp.,24/09/2014
19VOUCHA_S17,19A,2,16S_F,16S_R,25,55,KAPA 3G,NZ Psyllids/Martoni F.,Psyllidae,Acizzia,Acizzia jucunda,Acacia sp.,24/09/2014
19C_S63,19C,1,16S_F,16S_R,25,55,KAPA 3G,NZ Psyllids/Martoni F.,Psyllidae,Acizzia,Acizzia jucunda,Acacia sp.,24/09/2014
116a_S95,116A,2,16S_F,16S_R,25,55,KAPA 3G,NZ Psyllids/Martoni F.,Psyllidae,Acizzia,Acizzia solanicola,Solanum tuberosum,6/03/2015
116b_S96,116B,2,16S_F,16S_R,25,55,KAPA 3G,NZ Psyllids/Martoni F.,Psyllidae,Acizzia,Acizzia solanicola,Solanum tuberosum,6/03/2015
65_S61,65,2,16S_F,16S_R,25,55,KAPA 3G,NZ Psyllids/Martoni F.,Psyllidae,Acizzia,Acizzia uncatoides,Acacia sp.,30/01/2015
178_S142,178,2,16S_F,16S_R,25,55,KAPA 3G,NZ Psyllids/Martoni F.,Psyllidae,Acizzia,Acizzia uncatoides,Acacia sp.,16/04/2015
181a_S145,181A,2,16S_F,16S_R,25,55,KAPA 3G,NZ Psyllids/Martoni F.,Psyllidae,Acizzia,Acizzia uncatoides,Acacia sp.,17/07/2015
75a_S67,75A,2,16S_F,16S_R,25,55,KAPA 3G,NZ Psyllids/Martoni F.,Psyllidae,Acizzia,Acizzia uncatoides,Acacia sp.,20/02/2015
VIC8A_S189,VIC8A,2,16S_F,16S_R,25,55,KAPA 3G,NZ Psyllids/Martoni F.,Psyllidae,Acizzia,Acizzia uncatoides,Acacia sp.,12/11/2014
VIC8B_S190,VIC8B,2,16S_F,16S_R,25,55,KAPA 3G,NZ Psyllids/Martoni F.,Psyllidae,Acizzia,Acizzia uncatoides,Acacia sp.,12/11/2014
SA1B_S173,SA1B,2,16S_F,16S_R,25,55,KAPA 3G,NZ Psyllids/Martoni F.,Aphalaridae,Anoeconeossa,Anoeconeossa sp.,Eucalyptus sp.,4/11/2014
440a_S155,440a,3,16S_F,16S_R,25,55,KAPA 3G,NZ Psyllids/Martoni F.,Aphalaridae,Anomalopsylla,Anomalopsylla insignita,Plagianthus sp.,23/10/2016
440A_S156,440A,3,16S_F,16S_R,25,55,KAPA 3G,NZ Psyllids/Martoni F.,Aphalaridae,Anomalopsylla,Anomalopsylla insignita,Plagianthus sp.,23/10/2016
451A_S164,451A,3,16S_F,16S_R,25,55,KAPA 3G,NZ Psyllids/Martoni F.,Aphalaridae,Anomalopsylla,Anomalopsylla insignita,Olearia paniculata,30/10/2016
455B_S169,455B,3,16S_F,16S_R,25,55,KAPA 3G,NZ Psyllids/Martoni F.,Aphalaridae,Anomalopsylla,Anomalopsylla insignita,Olearia paniculata,28/10/2016
455b_S170,455b,3,16S_F,16S_R,25,55,KAPA 3G,NZ Psyllids/Martoni F.,Aphalaridae,Anomalopsylla,Anomalopsylla insignita,Olearia paniculata,28/10/2016
35A_S82,35A,1,16S_F,16S_R,25,55,KAPA 3G,NZ Psyllids/Martoni F.,Aphalaridae,Anomalopsylla,Anomalopsylla POLLEN ISLAND,Olearia odorata,14/09/2014
35a_S36,35A,2,16S_F,16S_R,25,55,KAPA 3G,NZ Psyllids/Martoni F.,Aphalaridae,Anomalopsylla,Anomalopsylla POLLEN ISLAND,Olearia odorata,14/09/2014
35B_S83,35B,1,16S_F,16S_R,25,55,KAPA 3G,NZ Psyllids/Martoni F.,Aphalaridae,Anomalopsylla,Anomalopsylla POLLEN ISLAND,Olearia odorata,14/09/2014
35C_S84,35C,1,16S_F,16S_R,25,55,KAPA 3G,NZ Psyllids/Martoni F.,Aphalaridae,Anomalopsylla,Anomalopsylla POLLEN ISLAND,Olearia odorata,14/09/2014
195_S148,195,2,16S_F,16S_R,25,55,KAPA 3G,NZ Psyllids/Martoni F.,Psyllidae,Arytainilla,Arytainilla spartiophila,Cytisus scoparius,2/11/2015
207_S154,207,2,16S_F,16S_R,25,55,KAPA 3G,NZ Psyllids/Martoni F.,Psyllidae,Arytainilla,Arytainilla spartiophila,Cytisus scoparius,9/11/2015
248A_S126,248A,3,16S_F,16S_R,25,55,KAPA 3G,NZ Psyllids/Martoni F.,Calophyidae,Atmetocranium,Atmetocranium myersi,kamahi,4/01/2016
248B_S127,248B,3,16S_F,16S_R,25,55,KAPA 3G,NZ Psyllids/Martoni F.,Calophyidae,Atmetocranium,Atmetocranium myersi,kamahi,4/01/2016
70a_S64,70A,2,16S_F,16S_R,25,55,KAPA 3G,NZ Psyllids/Martoni F.,Triozidae,Bactericera,Bactericera cockerelli,Solanum tuberosum,3/02/2015
87_S74,87,2,16S_F,16S_R,25,55,KAPA 3G,NZ Psyllids/Martoni F.,Psyllidae,Baeopelma,Baeopelma foersteri,Alnus glutinosa,25/02/2015
110_S91,110,2,16S_F,16S_R,25,55,KAPA 3G,NZ Psyllids/Martoni F.,Psyllidae,Baeopelma,Baeopelma foersteri,Alnus glutinosa,3/03/2015
91_S167,blank,2,16S_F,16S_R,25,55,KAPA 3G,NZ Psyllids/Martoni F.,,,blank,,
137_S115,137,2,16S_F,16S_R,25,55,KAPA 3G,NZ Psyllids/Martoni F.,Aphalaridae,Blastopsylla,Blastopsylla occidentalis,Eucalyptus sp.,26/03/2015
142_S116,142,2,16S_F,16S_R,25,55,KAPA 3G,NZ Psyllids/Martoni F.,Aphalaridae,Blastopsylla,Blastopsylla occidentalis,Eucalyptus sp.,28/03/2015
117a_S97,117A,2,16S_F,16S_R,25,55,KAPA 3G,NZ Psyllids/Martoni F.,Calophyidae,Calophya,Calophya schini,Schinus molle,11/03/2015
117b_S98,117B,2,16S_F,16S_R,25,55,KAPA 3G,NZ Psyllids/Martoni F.,Calophyidae,Calophya,Calophya schini,Schinus molle,11/03/2015
150b_S121,150B,2,16S_F,16S_R,25,55,KAPA 3G,NZ Psyllids/Martoni F.,Triozidae,Casuarinicola,Casuarinicola australis,Casuarina sp.,31/03/2015
SA3A_S174,SA3A,2,16S_F,16S_R,25,55,KAPA 3G,NZ Psyllids/Martoni F.,Triozidae,Casuarinicola,Casuarinicola australis,Casuarina sp.,6/11/2014
125_S105,125,2,16S_F,16S_R,25,55,KAPA 3G,NZ Psyllids/Martoni F.,Triozidae,Casuarinicola,Casuarinicola sp.,Casuarina sp.,23/03/2015
147_S119,147,2,16S_F,16S_R,25,55,KAPA 3G,NZ Psyllids/Martoni F.,Triozidae,Casuarinicola,Casuarinicola sp.,Casuarina sp.,29/03/2015
SA8A_S177,SA8A,2,16S_F,16S_R,25,55,KAPA 3G,NZ Psyllids/Martoni F.,Triozidae,Casuarinicola,Casuarinicola sp.,Casuarina sp.,6/11/2014
SA6A_S176,SA6A,2,16S_F,16S_R,25,55,KAPA 3G,NZ Psyllids/Martoni F.,Aphalaridae,Cryptoneossa,Cryptoneossa sp.,Eucalyptus sp.,6/11/2014
44_S42,44,2,16S_F,16S_R,25,55,KAPA 3G,NZ Psyllids/Martoni F.,Aphalaridae,Ctenarytaina,Ctenarytaina clavata sp. B,Kunzea ericoides,23/10/2014
152_S123,152,2,16S_F,16S_R,25,55,KAPA 3G,NZ Psyllids/Martoni F.,Aphalaridae,Ctenarytaina,Ctenarytaina clavata sp. A,Kunzea ericoides,4/04/2015
34a_S35,34A,2,16S_F,16S_R,25,55,KAPA 3G,NZ Psyllids/Martoni F.,Aphalaridae,Ctenarytaina,Ctenarytaina clavata sp. A,Kunzea ericoides,14/09/2014
2_S1,2,2,16S_F,16S_R,25,55,KAPA 3G,NZ Psyllids/Martoni F.,Aphalaridae,Ctenarytaina,Ctenarytaina eucalypti,Eucalyptus globulus,1/09/2014
43_S41,43,2,16S_F,16S_R,25,55,KAPA 3G,NZ Psyllids/Martoni F.,Aphalaridae,Ctenarytaina,Ctenarytaina eucalypti,Eucalyptus globulus,23/10/2014
78_S68,78,2,16S_F,16S_R,25,55,KAPA 3G,NZ Psyllids/Martoni F.,Aphalaridae,Ctenarytaina,Ctenarytaina eucalypti,Eucalyptus globulus,23/02/2015
82_S72,82,2,16S_F,16S_R,25,55,KAPA 3G,NZ Psyllids/Martoni F.,Aphalaridae,Ctenarytaina,Ctenarytaina eucalypti,Eucalyptus globulus,24/02/2015
89_S76,89,2,16S_F,16S_R,25,55,KAPA 3G,NZ Psyllids/Martoni F.,Aphalaridae,Ctenarytaina,Ctenarytaina eucalypti,Eucalyptus globulus,26/02/2015
99_S82,99,2,16S_F,16S_R,25,55,KAPA 3G,NZ Psyllids/Martoni F.,Aphalaridae,Ctenarytaina,Ctenarytaina eucalypti,Eucalyptus globulus,27/02/2015
105_S86,105,2,16S_F,16S_R,25,55,KAPA 3G,NZ Psyllids/Martoni F.,Aphalaridae,Ctenarytaina,Ctenarytaina eucalypti,Eucalyptus globulus,2/03/2015
115_S94,115,2,16S_F,16S_R,25,55,KAPA 3G,NZ Psyllids/Martoni F.,Aphalaridae,Ctenarytaina,Ctenarytaina eucalypti,Eucalyptus globulus,2/03/2015
165_S132,165,2,16S_F,16S_R,25,55,KAPA 3G,NZ Psyllids/Martoni F.,Aphalaridae,Ctenarytaina,Ctenarytaina eucalypti,Eucalyptus globulus,27/02/2015
39A_S49,39A,1,16S_F,16S_R,25,55,KAPA 3G,NZ Psyllids/Martoni F.,Aphalaridae,Ctenarytaina,Ctenarytaina eucalypti,Eucalyptus globulus,23/10/2014
39B_S50,39B,1,16S_F,16S_R,25,55,KAPA 3G,NZ Psyllids/Martoni F.,Aphalaridae,Ctenarytaina,Ctenarytaina eucalypti,Eucalyptus globulus,23/10/2014
39C_S51,39C,1,16S_F,16S_R,25,55,KAPA 3G,NZ Psyllids/Martoni F.,Aphalaridae,Ctenarytaina,Ctenarytaina eucalypti,Eucalyptus globulus,23/10/2014
42A_S52,42A,1,16S_F,16S_R,25,55,KAPA 3G,NZ Psyllids/Martoni F.,Aphalaridae,Ctenarytaina,Ctenarytaina eucalypti,Eucalyptus globulus,23/10/2014
42B_S53,42B,1,16S_F,16S_R,25,55,KAPA 3G,NZ Psyllids/Martoni F.,Aphalaridae,Ctenarytaina,Ctenarytaina eucalypti,Eucalyptus globulus,23/10/2014
42C_S54,42C,1,16S_F,16S_R,25,55,KAPA 3G,NZ Psyllids/Martoni F.,Aphalaridae,Ctenarytaina,Ctenarytaina eucalypti,Eucalyptus globulus,23/10/2014
SA2A_S55,SA2A,1,16S_F,16S_R,25,55,KAPA 3G,NZ Psyllids/Martoni F.,Aphalaridae,Ctenarytaina,Ctenarytaina eucalypti,Eucalyptus globulus,4/11/2014
SA2B_S56,SA2B,1,16S_F,16S_R,25,55,KAPA 3G,NZ Psyllids/Martoni F.,Aphalaridae,Ctenarytaina,Ctenarytaina eucalypti,Eucalyptus globulus,4/11/2014
SA2C_S57,SA2C,1,16S_F,16S_R,25,55,KAPA 3G,NZ Psyllids/Martoni F.,Aphalaridae,Ctenarytaina,Ctenarytaina eucalypti,Eucalyptus globulus,4/11/2014
SI10_S179,SI10,2,16S_F,16S_R,25,55,KAPA 3G,NZ Psyllids/Martoni F.,Aphalaridae,Ctenarytaina,Ctenarytaina eucalypti,Eucalyptus globulus,14/10/2014
SI15_S181,SI15,2,16S_F,16S_R,25,55,KAPA 3G,NZ Psyllids/Martoni F.,Aphalaridae,Ctenarytaina,Ctenarytaina eucalypti,Eucalyptus globulus,14/10/2014
VIC1A_S58,VIC1A,1,16S_F,16S_R,25,55,KAPA 3G,NZ Psyllids/Martoni F.,Aphalaridae,Ctenarytaina,Ctenarytaina eucalypti,Eucalyptus globulus,12/11/2014
VIC1B_S59,VIC1B,1,16S_F,16S_R,25,55,KAPA 3G,NZ Psyllids/Martoni F.,Aphalaridae,Ctenarytaina,Ctenarytaina eucalypti,Eucalyptus globulus,12/11/2014
VIC1C_S60,VIC1C,1,16S_F,16S_R,25,55,KAPA 3G,NZ Psyllids/Martoni F.,Aphalaridae,Ctenarytaina,Ctenarytaina eucalypti,Eucalyptus globulus,12/11/2014
VIC1C_S188,VIC1C,2,16S_F,16S_R,25,55,KAPA 3G,NZ Psyllids/Martoni F.,Aphalaridae,Ctenarytaina,Ctenarytaina eucalypti,Eucalyptus globulus,12/11/2014
56_S53,56,2,16S_F,16S_R,25,55,KAPA 3G,NZ Psyllids/Martoni F.,Aphalaridae,Ctenarytaina,Ctenarytaina fuchsia A,Fuchsia excorticata,30/11/2014
194_S147,194,2,16S_F,16S_R,25,55,KAPA 3G,NZ Psyllids/Martoni F.,Aphalaridae,Ctenarytaina,Ctenarytaina fuchsia A,Fuchsia excorticata,25/10/2015
220_S159,220,2,16S_F,16S_R,25,55,KAPA 3G,NZ Psyllids/Martoni F.,Aphalaridae,Ctenarytaina,Ctenarytaina fuchsia A,Fuchsia excorticata,10/11/2015
221_S160,221,2,16S_F,16S_R,25,55,KAPA 3G,NZ Psyllids/Martoni F.,Aphalaridae,Ctenarytaina,Ctenarytaina fuchsia A,Fuchsia excorticata,10/11/2015
224_S163,224,2,16S_F,16S_R,25,55,KAPA 3G,NZ Psyllids/Martoni F.,Aphalaridae,Ctenarytaina,Ctenarytaina fuchsia A,Fuchsia excorticata,11/11/2015
229_S164,229,2,16S_F,16S_R,25,55,KAPA 3G,NZ Psyllids/Martoni F.,Aphalaridae,Ctenarytaina,Ctenarytaina fuchsia A,Fuchsia excorticata,11/11/2015
237_S165,237,2,16S_F,16S_R,25,55,KAPA 3G,NZ Psyllids/Martoni F.,Aphalaridae,Ctenarytaina,Ctenarytaina fuchsia A,Fuchsia excorticata,12/11/2015
geraldineA_S168,geraldineA,2,16S_F,16S_R,25,55,KAPA 3G,NZ Psyllids/Martoni F.,Aphalaridae,Ctenarytaina,Ctenarytaina fuchsia A,Fuchsia excorticata,1/09/2015
geraldineB_S169,geraldineB,2,16S_F,16S_R,25,55,KAPA 3G,NZ Psyllids/Martoni F.,Aphalaridae,Ctenarytaina,Ctenarytaina fuchsia A,Fuchsia excorticata,1/09/2015
SI13B_S192,SI13B,2,16S_F,16S_R,25,55,KAPA 3G,NZ Psyllids/Martoni F.,Aphalaridae,Ctenarytaina,Ctenarytaina fuchsia A,Fuchsia excorticata,14/10/2014
SI16_S182,SI16,2,16S_F,16S_R,25,55,KAPA 3G,NZ Psyllids/Martoni F.,Aphalaridae,Ctenarytaina,Ctenarytaina fuchsia A,Fuchsia excorticata,14/10/2014
SI22_S184,SI22,2,16S_F,16S_R,25,55,KAPA 3G,NZ Psyllids/Martoni F.,Aphalaridae,Ctenarytaina,Ctenarytaina fuchsia A,Fuchsia excorticata,6/11/2014
SI7_S185,SI7,2,16S_F,16S_R,25,55,KAPA 3G,NZ Psyllids/Martoni F.,Aphalaridae,Ctenarytaina,Ctenarytaina fuchsia A,Fuchsia excorticata,6/11/2014
SignOfBellbird_S26,Sign of Bellbird,2,16S_F,16S_R,25,55,KAPA 3G,NZ Psyllids/Martoni F.,Aphalaridae,Ctenarytaina,Ctenarytaina fuchsia A,Fuchsia excorticata,1/09/2015
TeOkaA_S170,TeOkaA,2,16S_F,16S_R,25,55,KAPA 3G,NZ Psyllids/Martoni F.,Aphalaridae,Ctenarytaina,Ctenarytaina fuchsia A,Fuchsia excorticata,1/09/2015
TeOkaB_S171,TeOkaB,2,16S_F,16S_R,25,55,KAPA 3G,NZ Psyllids/Martoni F.,Aphalaridae,Ctenarytaina,Ctenarytaina fuchsia A,Fuchsia excorticata,1/09/2015
SI13A_S70,SI13A,1,16S_F,16S_R,25,55,KAPA 3G,NZ Psyllids/Martoni F.,Aphalaridae,Ctenarytaina,Ctenarytaina fuchsia A,Fuchsia excorticata,14/10/2014
SI13B_S71,SI13B,1,16S_F,16S_R,25,55,KAPA 3G,NZ Psyllids/Martoni F.,Aphalaridae,Ctenarytaina,Ctenarytaina fuchsia A,Fuchsia excorticata,14/10/2014
9A_S67,9A,1,16S_F,16S_R,25,55,KAPA 3G,NZ Psyllids/Martoni F.,Aphalaridae,Ctenarytaina,Ctenarytaina fuchsia B,Fuchsia excorticata,19/09/2014
9B_S68,9B,1,16S_F,16S_R,25,55,KAPA 3G,NZ Psyllids/Martoni F.,Aphalaridae,Ctenarytaina,Ctenarytaina fuchsia B,Fuchsia excorticata,19/09/2014
9C_S69,9C,1,16S_F,16S_R,25,55,KAPA 3G,NZ Psyllids/Martoni F.,Aphalaridae,Ctenarytaina,Ctenarytaina fuchsia B,Fuchsia excorticata,19/09/2014
9d_S6,9D,2,16S_F,16S_R,25,55,KAPA 3G,NZ Psyllids/Martoni F.,Aphalaridae,Ctenarytaina,Ctenarytaina fuchsia B,Fuchsia excorticata,19/09/2014
9e_S7,9E,2,16S_F,16S_R,25,55,KAPA 3G,NZ Psyllids/Martoni F.,Aphalaridae,Ctenarytaina,Ctenarytaina fuchsia B,Fuchsia excorticata,19/09/2014
9f_S8,9F,2,16S_F,16S_R,25,55,KAPA 3G,NZ Psyllids/Martoni F.,Aphalaridae,Ctenarytaina,Ctenarytaina fuchsia B,Fuchsia excorticata,19/09/2014
9g_S9,9G,2,16S_F,16S_R,25,55,KAPA 3G,NZ Psyllids/Martoni F.,Aphalaridae,Ctenarytaina,Ctenarytaina fuchsia B,Fuchsia excorticata,19/09/2014
127a_S106,127A,2,16S_F,16S_R,25,55,KAPA 3G,NZ Psyllids/Martoni F.,Aphalaridae,Ctenarytaina,Ctenarytaina insularis,Eucalyptus sp.,23/03/2015
124_S104,124,2,16S_F,16S_R,25,55,KAPA 3G,NZ Psyllids/Martoni F.,Aphalaridae,Ctenarytaina,Ctenarytaina longicauda,Lophostemon confertus,22/03/2015
131a_S107,131A,2,16S_F,16S_R,25,55,KAPA 3G,NZ Psyllids/Martoni F.,Aphalaridae,Ctenarytaina,Ctenarytaina longicauda,Lophostemon confertus,25/03/2015
131b_S108,131B,2,16S_F,16S_R,25,55,KAPA 3G,NZ Psyllids/Martoni F.,Aphalaridae,Ctenarytaina,Ctenarytaina longicauda,Lophostemon confertus,25/03/2015
175VOUCHA_S141,175 voucher A,2,16S_F,16S_R,25,55,KAPA 3G,NZ Psyllids/Martoni F.,Aphalaridae,Ctenarytaina,Ctenarytaina pollicaris,Leptospermum scoparius,16/04/2015
24A_S72,24A,1,16S_F,16S_R,25,55,KAPA 3G,NZ Psyllids/Martoni F.,Aphalaridae,Ctenarytaina,Ctenarytaina pollicaris,Leptospermum scoparius,14/09/2014
24a_S22,24A,2,16S_F,16S_R,25,55,KAPA 3G,NZ Psyllids/Martoni F.,Aphalaridae,Ctenarytaina,Ctenarytaina pollicaris,Leptospermum scoparius,14/09/2014
24B_S73,24B,1,16S_F,16S_R,25,55,KAPA 3G,NZ Psyllids/Martoni F.,Aphalaridae,Ctenarytaina,Ctenarytaina pollicaris,Leptospermum scoparius,14/09/2014
24b_S23,24B,2,16S_F,16S_R,25,55,KAPA 3G,NZ Psyllids/Martoni F.,Aphalaridae,Ctenarytaina,Ctenarytaina pollicaris,Leptospermum scoparius,14/09/2014
24C_S74,24C,1,16S_F,16S_R,25,55,KAPA 3G,NZ Psyllids/Martoni F.,Aphalaridae,Ctenarytaina,Ctenarytaina pollicaris,Leptospermum scoparius,14/09/2014
24c_S24,24C,2,16S_F,16S_R,25,55,KAPA 3G,NZ Psyllids/Martoni F.,Aphalaridae,Ctenarytaina,Ctenarytaina pollicaris,Leptospermum scoparius,14/09/2014
31A_S75,31A,1,16S_F,16S_R,25,55,KAPA 3G,NZ Psyllids/Martoni F.,Aphalaridae,Ctenarytaina,Ctenarytaina pollicaris,Leptospermum scoparius,14/09/2014
31a_S31,31A,2,16S_F,16S_R,25,55,KAPA 3G,NZ Psyllids/Martoni F.,Aphalaridae,Ctenarytaina,Ctenarytaina pollicaris,Leptospermum scoparius,14/09/2014
31B_S76,31B,1,16S_F,16S_R,25,55,KAPA 3G,NZ Psyllids/Martoni F.,Aphalaridae,Ctenarytaina,Ctenarytaina pollicaris,Leptospermum scoparius,14/09/2014
31b_S32,31B,2,16S_F,16S_R,25,55,KAPA 3G,NZ Psyllids/Martoni F.,Aphalaridae,Ctenarytaina,Ctenarytaina pollicaris,Leptospermum scoparius,14/09/2014
41_S40,41,2,16S_F,16S_R,25,55,KAPA 3G,NZ Psyllids/Martoni F.,Aphalaridae,Ctenarytaina,Ctenarytaina SHORT,Kunzea ericoides,23/10/2014
164_S131,164,2,16S_F,16S_R,25,55,KAPA 3G,NZ Psyllids/Martoni F.,Aphalaridae,Ctenarytaina,Ctenarytaina SHORT,Kunzea ericoides,29/03/2015
172_S137,172,2,16S_F,16S_R,25,55,KAPA 3G,NZ Psyllids/Martoni F.,Aphalaridae,Ctenarytaina,Ctenarytaina SHORT,Kunzea ericoides,16/04/2015
175_S140,175,2,16S_F,16S_R,25,55,KAPA 3G,NZ Psyllids/Martoni F.,Aphalaridae,Ctenarytaina,Ctenarytaina SHORT,Kunzea ericoides,16/04/2015
23A_S77,23A,1,16S_F,16S_R,25,55,KAPA 3G,NZ Psyllids/Martoni F.,Aphalaridae,Ctenarytaina,Ctenarytaina SHORT,Kunzea ericoides,14/09/2014
23a_S19,23A,2,16S_F,16S_R,25,55,KAPA 3G,NZ Psyllids/Martoni F.,Aphalaridae,Ctenarytaina,Ctenarytaina SHORT,Kunzea ericoides,14/09/2014
23B_S78,23B,1,16S_F,16S_R,25,55,KAPA 3G,NZ Psyllids/Martoni F.,Aphalaridae,Ctenarytaina,Ctenarytaina SHORT,Kunzea ericoides,14/09/2014
23b_S20,23B,2,16S_F,16S_R,25,55,KAPA 3G,NZ Psyllids/Martoni F.,Aphalaridae,Ctenarytaina,Ctenarytaina SHORT,Kunzea ericoides,14/09/2014
23C_S79,23C,1,16S_F,16S_R,25,55,KAPA 3G,NZ Psyllids/Martoni F.,Aphalaridae,Ctenarytaina,Ctenarytaina SHORT,Kunzea ericoides,14/09/2014
23c_S21,23C,2,16S_F,16S_R,25,55,KAPA 3G,NZ Psyllids/Martoni F.,Aphalaridae,Ctenarytaina,Ctenarytaina SHORT,Kunzea ericoides,14/09/2014
33A_S80,33A,1,16S_F,16S_R,25,55,KAPA 3G,NZ Psyllids/Martoni F.,Aphalaridae,Ctenarytaina,Ctenarytaina SHORT,Kunzea ericoides,14/09/2014
33a_S33,33A,2,16S_F,16S_R,25,55,KAPA 3G,NZ Psyllids/Martoni F.,Aphalaridae,Ctenarytaina,Ctenarytaina SHORT,Kunzea ericoides,14/09/2014
33B_S81,33B,1,16S_F,16S_R,25,55,KAPA 3G,NZ Psyllids/Martoni F.,Aphalaridae,Ctenarytaina,Ctenarytaina SHORT,Kunzea ericoides,14/09/2014
33b_S34,33B,2,16S_F,16S_R,25,55,KAPA 3G,NZ Psyllids/Martoni F.,Aphalaridae,Ctenarytaina,Ctenarytaina SHORT,Kunzea ericoides,14/09/2014
SI17_S183,SI17,2,16S_F,16S_R,25,55,KAPA 3G,NZ Psyllids/Martoni F.,Aphalaridae,Ctenarytaina,Ctenarytaina sp. B,Fuchsia excorticata,5/11/2015
SI9_S187,SI9,2,16S_F,16S_R,25,55,KAPA 3G,NZ Psyllids/Martoni F.,Aphalaridae,Ctenarytaina,Ctenarytaina sp. B,Leptospermum scoparius,6/11/2014
14_S13,14,2,16S_F,16S_R,25,55,KAPA 3G,NZ Psyllids/Martoni F.,Aphalaridae,Ctenarytaina,Ctenarytaina sp. A,Olearia paniculata,21/09/2014
28_S27,28,2,16S_F,16S_R,25,55,KAPA 3G,NZ Psyllids/Martoni F.,Aphalaridae,Ctenarytaina,Ctenarytaina spatulata,Eucalyptus sp.,14/09/2014
52_S49,52,2,16S_F,16S_R,25,55,KAPA 3G,NZ Psyllids/Martoni F.,Aphalaridae,Ctenarytaina,Ctenarytaina spatulata,Eucalyptus sp.,27/11/2014
79_S69,79,2,16S_F,16S_R,25,55,KAPA 3G,NZ Psyllids/Martoni F.,Aphalaridae,Ctenarytaina,Ctenarytaina spatulata,Eucalyptus sp.,23/02/2015
101_S83,101,2,16S_F,16S_R,25,55,KAPA 3G,NZ Psyllids/Martoni F.,Aphalaridae,Ctenarytaina,Ctenarytaina spatulata,Eucalyptus sp.,28/02/2015
108_S89,108,2,16S_F,16S_R,25,55,KAPA 3G,NZ Psyllids/Martoni F.,Aphalaridae,Ctenarytaina,Ctenarytaina spatulata,Eucalyptus sp.,2/03/2015
109_S90,109,2,16S_F,16S_R,25,55,KAPA 3G,NZ Psyllids/Martoni F.,Aphalaridae,Ctenarytaina,Ctenarytaina spatulata,Eucalyptus sp.,2/03/2015
136_S114,136,2,16S_F,16S_R,25,55,KAPA 3G,NZ Psyllids/Martoni F.,Aphalaridae,Ctenarytaina,Ctenarytaina spatulata,Eucalyptus sp.,26/03/2015
143_S117,143,2,16S_F,16S_R,25,55,KAPA 3G,NZ Psyllids/Martoni F.,Aphalaridae,Ctenarytaina,Ctenarytaina spatulata,Eucalyptus sp.,28/03/2015
8b_S5,8B,2,16S_F,16S_R,25,55,KAPA 3G,NZ Psyllids/Martoni F.,Aphalaridae,Ctenarytaina,Ctenarytaina spatulata,Eucalyptus sp.,18/09/2014
SI8_S186,SI8,2,16S_F,16S_R,25,55,KAPA 3G,NZ Psyllids/Martoni F.,Aphalaridae,Ctenarytaina,Ctenarytaina spatulata,Eucalyptus sp.,6/11/2014
81_S71,81,2,16S_F,16S_R,25,55,KAPA 3G,NZ Psyllids/Martoni F.,Aphalaridae,Ctenarytaina,Ctenarytaina thysanura,Eucalyptus sp.,23/02/2015
SA5A_S175,SA5A,2,16S_F,16S_R,25,55,KAPA 3G,NZ Psyllids/Martoni F.,Aphalaridae,Eucalyptolyma,Eucalyptolyma maideni,Eucalyptus sp.,4/11/2014
135a_S113,135A,2,16S_F,16S_R,25,55,KAPA 3G,NZ Psyllids/Martoni F.,Triozidae,Glycaspis,Glycaspis granulata,Eucalyptus sp.,26/03/2015
mockA_S51,mockA,2,16S_F,16S_R,25,55,KAPA 3G,NZ Psyllids/Martoni F.,,MOCK,MOCK,,
122_S102,122,2,16S_F,16S_R,25,55,KAPA 3G,NZ Psyllids/Martoni F.,Calophyidae,Mycopsylla,Mycopsylla fici,Ficus macrophylla,22/03/2015
134a_S111,134A,2,16S_F,16S_R,25,55,KAPA 3G,NZ Psyllids/Martoni F.,Calophyidae,Mycopsylla,Mycopsylla fici,Ficus macrophylla,26/03/2015
134b_S112,134B,2,16S_F,16S_R,25,55,KAPA 3G,NZ Psyllids/Martoni F.,Calophyidae,Mycopsylla,Mycopsylla fici,Ficus macrophylla,26/03/2015
MockEven_S193,MockEven,2,16S_F,16S_R,25,55,KAPA 3G,NZ Psyllids/Martoni F.,,ND,ND,,
MockStaggered_S194,MockStaggered,2,16S_F,16S_R,25,55,KAPA 3G,NZ Psyllids/Martoni F.,,ND,ND,,
187_S146,187,2,16S_F,16S_R,25,55,KAPA 3G,NZ Psyllids/Martoni F.,Psyllidae,Psylla,Psylla apicalis,Sophora microphylla,1/09/2015
200big_S149,200,2,16S_F,16S_R,25,55,KAPA 3G,NZ Psyllids/Martoni F.,Psyllidae,Psylla,Psylla apicalis,Sophora microphylla,2/11/2015
201big_S151,201,2,16S_F,16S_R,25,55,KAPA 3G,NZ Psyllids/Martoni F.,Psyllidae,Psylla,Psylla apicalis,Sophora microphylla,8/11/2015
206_S153,206,2,16S_F,16S_R,25,55,KAPA 3G,NZ Psyllids/Martoni F.,Psyllidae,Psylla,Psylla apicalis,Sophora microphylla,9/11/2015
26_S25,26,2,16S_F,16S_R,25,55,KAPA 3G,NZ Psyllids/Martoni F.,Psyllidae,Psylla,Psylla carmichaeliae A,Carmichaelia sp.,14/09/2014
22A_S91,22A,1,16S_F,16S_R,25,55,KAPA 3G,NZ Psyllids/Martoni F.,Psyllidae,Psylla,Psylla carmichaeliae A,Carmichaelia sp.,14/09/2014
22B_S92,22B,1,16S_F,16S_R,25,55,KAPA 3G,NZ Psyllids/Martoni F.,Psyllidae,Psylla,Psylla carmichaeliae A,Carmichaelia sp.,14/09/2014
222_S161,222,2,16S_F,16S_R,25,55,KAPA 3G,NZ Psyllids/Martoni F.,Psyllidae,Psylla,Psylla carmichaeliae C,Carmichaelia sp.,10/11/2015
223_S162,223,2,16S_F,16S_R,25,55,KAPA 3G,NZ Psyllids/Martoni F.,Psyllidae,Psylla,Psylla carmichaeliae C,Carmichaelia sp.,10/11/2015
212_S156,212,2,16S_F,16S_R,25,55,KAPA 3G,NZ Psyllids/Martoni F.,Psyllidae,Psylla,Psylla carmichaeliae E,Carmichaelia petri,9/11/2015
213_S157,213,2,16S_F,16S_R,25,55,KAPA 3G,NZ Psyllids/Martoni F.,Psyllidae,Psylla,Psylla carmichaeliae E,Carmichaelia petri,9/11/2015
217_S158,217,2,16S_F,16S_R,25,55,KAPA 3G,NZ Psyllids/Martoni F.,Psyllidae,Psylla,Psylla carmichaeliae E,Carmichaelia petri,10/11/2015
55_S52,55,2,16S_F,16S_R,25,55,KAPA 3G,NZ Psyllids/Martoni F.,Psyllidae,Psylla,Psylla frodobagginsi,Sophora microphylla,30/11/2014
200small_S150,200,2,16S_F,16S_R,25,55,KAPA 3G,NZ Psyllids/Martoni F.,Psyllidae,Psylla,Psylla frodobagginsi,Sophora microphylla,2/11/2015
201small_S152,201,2,16S_F,16S_R,25,55,KAPA 3G,NZ Psyllids/Martoni F.,Psyllidae,Psylla,Psylla frodobagginsi,Sophora microphylla,8/11/2015
209_S155,209,2,16S_F,16S_R,25,55,KAPA 3G,NZ Psyllids/Martoni F.,Psyllidae,Psylla,Psylla frodobagginsi,Sophora microphylla,9/11/2015
238_S166,238,2,16S_F,16S_R,25,55,KAPA 3G,NZ Psyllids/Martoni F.,Psyllidae,Psylla,Psylla frodobagginsi,Sophora microphylla (Kowhai),12/11/2015
94_S80,94,2,16S_F,16S_R,25,55,KAPA 3G,NZ Psyllids/Martoni F.,Liviidae,Psyllopsis,Psyllopsis fraxini,Fraxinus excelsior,26/02/2015
107_S88,107,2,16S_F,16S_R,25,55,KAPA 3G,NZ Psyllids/Martoni F.,Liviidae,Psyllopsis,Psyllopsis fraxini,Fraxinus excelsior,2/03/2015
113_S93,113,2,16S_F,16S_R,25,55,KAPA 3G,NZ Psyllids/Martoni F.,Liviidae,Psyllopsis,Psyllopsis fraxini,Fraxinus excelsior,4/03/2015
49_S47,49,2,16S_F,16S_R,25,55,KAPA 3G,NZ Psyllids/Martoni F.,Liviidae,Psyllopsis,Psyllopsis fraxinicola,Fraxinus excelsior,27/11/2014
93_S79,93,2,16S_F,16S_R,25,55,KAPA 3G,NZ Psyllids/Martoni F.,Liviidae,Psyllopsis,Psyllopsis fraxinicola,Fraxinus excelsior,26/02/2015
106_S87,106,2,16S_F,16S_R,25,55,KAPA 3G,NZ Psyllids/Martoni F.,Liviidae,Psyllopsis,Psyllopsis fraxinicola,Fraxinus excelsior,2/03/2015
112_S92,112,2,16S_F,16S_R,25,55,KAPA 3G,NZ Psyllids/Martoni F.,Liviidae,Psyllopsis,Psyllopsis fraxinicola,Fraxinus excelsior,4/03/2015
45_S43,45,2,16S_F,16S_R,25,55,KAPA 3G,NZ Psyllids/Martoni F.,Triozidae,Trioza,Trioza acuta,Unknown,23/10/2014
5b_S4,5B,2,16S_F,16S_R,25,55,KAPA 3G,NZ Psyllids/Martoni F.,Triozidae,Trioza,Trioza acuta,Ozothamnus sp.,1/09/2014
118a_S99,118A,2,16S_F,16S_R,25,55,KAPA 3G,NZ Psyllids/Martoni F.,Triozidae,Trioza,Trioza adventicia,Syzygium smithii,11/03/2015
174_S139,174,2,16S_F,16S_R,25,55,KAPA 3G,NZ Psyllids/Martoni F.,Triozidae,Trioza,Trioza bifida,Olearia fragmentissima,16/04/2015
29A_S95,29A,1,16S_F,16S_R,25,55,KAPA 3G,NZ Psyllids/Martoni F.,Triozidae,Trioza,Trioza bifida,Pseudowintera colorata,14/09/2014
29a_S28,29A,2,16S_F,16S_R,25,55,KAPA 3G,NZ Psyllids/Martoni F.,Triozidae,Trioza,Trioza bifida,Pseudowintera colorata,14/09/2014
29B_S96,29B,1,16S_F,16S_R,25,55,KAPA 3G,NZ Psyllids/Martoni F.,Triozidae,Trioza,Trioza bifida,Pseudowintera colorata,14/09/2014
29b_S29,29B,2,16S_F,16S_R,25,55,KAPA 3G,NZ Psyllids/Martoni F.,Triozidae,Trioza,Trioza bifida,Pseudowintera colorata,14/09/2014
SI12_S180,SI12,2,16S_F,16S_R,25,55,KAPA 3G,NZ Psyllids/Martoni F.,Triozidae,Trioza,Trioza bifida,Fuchsia excorticata,14/10/2014
SI3B_S191,SI3B,2,16S_F,16S_R,25,55,KAPA 3G,NZ Psyllids/Martoni F.,Triozidae,Trioza,Trioza bifida,Dracophyllum sp.,14/10/2014
91_S78,91,2,16S_F,16S_R,25,55,KAPA 3G,NZ Psyllids/Martoni F.,Triozidae,Trioza,Trioza BRENDA MAY,Olearia ilicifolia,26/02/2015
276_S138,276,3,16S_F,16S_R,25,55,KAPA 3G,NZ Psyllids/Martoni F.,Triozidae,Trioza,Trioza BRENDA MAY,Olearia sp.,6/02/2016
414_S143,414,3,16S_F,16S_R,25,55,KAPA 3G,NZ Psyllids/Martoni F.,Triozidae,Trioza,Trioza colorata,Halocarpus sp.,29/03/2016
46A_S93,46A,1,16S_F,16S_R,25,55,KAPA 3G,NZ Psyllids/Martoni F.,Triozidae,Trioza,Trioza colorata,Halocarpus sp.,27/10/2014
46a_S44,46A,2,16S_F,16S_R,25,55,KAPA 3G,NZ Psyllids/Martoni F.,Triozidae,Trioza,Trioza colorata,Halocarpus sp.,27/10/2014
46B_S94,46B,1,16S_F,16S_R,25,55,KAPA 3G,NZ Psyllids/Martoni F.,Triozidae,Trioza,Trioza colorata,Halocarpus sp.,27/10/2014
50a_S48,50A,2,16S_F,16S_R,25,55,KAPA 3G,NZ Psyllids/Martoni F.,Triozidae,Trioza,Trioza colorata,Halocarpus sp.,23/11/2014
260_S130,260,3,16S_F,16S_R,25,55,KAPA 3G,NZ Psyllids/Martoni F.,Triozidae,Trioza,Trioza compressa,Olearia rani var colorata,24/01/2016
473A_S184,473A,3,16S_F,16S_R,25,55,KAPA 3G,NZ Psyllids/Martoni F.,Triozidae,Trioza,Trioza compressa,Olearia rani,20/01/2017
473a_S189,473a,3,16S_F,16S_R,25,55,KAPA 3G,NZ Psyllids/Martoni F.,Triozidae,Trioza,Trioza compressa,Olearia rani,20/01/2017
476A_S185,476A,3,16S_F,16S_R,25,55,KAPA 3G,NZ Psyllids/Martoni F.,Triozidae,Trioza,Trioza curta,Metrosideros robusta,23/01/2017
476a_S190,476a,3,16S_F,16S_R,25,55,KAPA 3G,NZ Psyllids/Martoni F.,Triozidae,Trioza,Trioza curta,Metrosideros robusta,23/01/2017
415A_S144,415A,3,16S_F,16S_R,25,55,KAPA 3G,NZ Psyllids/Martoni F.,Triozidae,Trioza,Trioza dacrydii,Halocarpus sp.,29/03/2016
415B_S145,415B,3,16S_F,16S_R,25,55,KAPA 3G,NZ Psyllids/Martoni F.,Triozidae,Trioza,Trioza dacrydii,Halocarpus sp.,29/03/2016
61_S57,61,2,16S_F,16S_R,25,55,KAPA 3G,NZ Psyllids/Martoni F.,Triozidae,Trioza,Trioza decurvata,Dracophyllum sp.,27/01/2015
69_S63,69,2,16S_F,16S_R,25,55,KAPA 3G,NZ Psyllids/Martoni F.,Triozidae,Trioza,Trioza decurvata,Dracophyllum sp.,8/01/2015
40_S39,40,2,16S_F,16S_R,25,55,KAPA 3G,NZ Psyllids/Martoni F.,Triozidae,Trioza,Trioza discariae,Discaria toumatou,23/10/2014
38a_S37,38A,2,16S_F,16S_R,25,55,KAPA 3G,NZ Psyllids/Martoni F.,Triozidae,Trioza,Trioza discariae,Discaria toumatou,14/09/2014
38b_S38,38B,2,16S_F,16S_R,25,55,KAPA 3G,NZ Psyllids/Martoni F.,Triozidae,Trioza,Trioza discariae,Discaria toumatou,14/09/2014
161_S129,161,2,16S_F,16S_R,25,55,KAPA 3G,NZ Psyllids/Martoni F.,Triozidae,Trioza,Trioza doryphora,Olearia ilicifolia,12/04/2015
162_S130,162,2,16S_F,16S_R,25,55,KAPA 3G,NZ Psyllids/Martoni F.,Triozidae,Trioza,Trioza doryphora,Olearia ilicifolia,12/04/2015
170_S136,170,2,16S_F,16S_R,25,55,KAPA 3G,NZ Psyllids/Martoni F.,Triozidae,Trioza,Trioza doryphora,Olearia ilicifolia,16/04/2015
173_S138,173,2,16S_F,16S_R,25,55,KAPA 3G,NZ Psyllids/Martoni F.,Triozidae,Trioza,Trioza doryphora,Olearia ilicifolia,16/04/2015
48_S46,48,2,16S_F,16S_R,25,55,KAPA 3G,NZ Psyllids/Martoni F.,Triozidae,Trioza,Trioza emarginata,Coprosma sp.,27/10/2014
151_S122,151,2,16S_F,16S_R,25,55,KAPA 3G,NZ Psyllids/Martoni F.,Triozidae,Trioza,Trioza falcata,Aristotelia fruticosa,4/04/2015
154_S124,154,2,16S_F,16S_R,25,55,KAPA 3G,NZ Psyllids/Martoni F.,Triozidae,Trioza,Trioza falcata,Aristotelia fruticosa,4/04/2015
157_S125,157,2,16S_F,16S_R,25,55,KAPA 3G,NZ Psyllids/Martoni F.,Triozidae,Trioza,Trioza falcata,Aristotelia fruticosa,4/04/2015
158_S126,158,2,16S_F,16S_R,25,55,KAPA 3G,NZ Psyllids/Martoni F.,Triozidae,Trioza,Trioza falcata,Aristotelia fruticosa,5/04/2015
64_S60,64,2,16S_F,16S_R,25,55,KAPA 3G,NZ Psyllids/Martoni F.,Triozidae,Trioza,Trioza fasciata,Muehlenbeckia complexa,29/01/2015
132_S109,132,2,16S_F,16S_R,25,55,KAPA 3G,NZ Psyllids/Martoni F.,Triozidae,Trioza,Trioza fasciata,Muehlenbeckia auxiliaris,25/03/2015
471A_S182,471A,3,16S_F,16S_R,25,55,KAPA 3G,NZ Psyllids/Martoni F.,Triozidae,Trioza,Trioza FORTROSE,Elaeocarpus,15/01/2017
471a_S187,471a,3,16S_F,16S_R,25,55,KAPA 3G,NZ Psyllids/Martoni F.,Triozidae,Trioza,Trioza FORTROSE,Elaeocarpus,15/01/2017
457A_S172,457A,3,16S_F,16S_R,25,55,KAPA 3G,NZ Psyllids/Martoni F.,Triozidae,Trioza,Trioza gourlayi,Olearia virgata,1/12/2016
457B_S173,457B,3,16S_F,16S_R,25,55,KAPA 3G,NZ Psyllids/Martoni F.,Triozidae,Trioza,Trioza gourlayi,Olearia virgata,1/12/2016
63a_S59,63A,2,16S_F,16S_R,25,55,KAPA 3G,NZ Psyllids/Martoni F.,Triozidae,Trioza,Trioza hebicola,Hebe sp.,27/01/2015
4_S3,4,2,16S_F,16S_R,25,55,KAPA 3G,NZ Psyllids/Martoni F.,Triozidae,Trioza,Trioza irregularis,Pseudopanax arboreus,1/09/2014
166_S133,166,2,16S_F,16S_R,25,55,KAPA 3G,NZ Psyllids/Martoni F.,Triozidae,Trioza,Trioza irregularis,Pseudopanax arboreus,16/04/2015
168_S134,168,2,16S_F,16S_R,25,55,KAPA 3G,NZ Psyllids/Martoni F.,Triozidae,Trioza,Trioza irregularis,Pseudopanax arboreus,16/04/2015
252_S128,252,3,16S_F,16S_R,25,55,KAPA 3G,NZ Psyllids/Martoni F.,Triozidae,Trioza,Trioza irregularis,Fuchsia excorticata,7/01/2016
119a_S100,119A,2,16S_F,16S_R,25,55,KAPA 3G,NZ Psyllids/Martoni F.,Triozidae,Trioza,Trioza MASSEY,Olearia sp.,11/03/2015
479a_S88,479a,3,16S_F,16S_R,25,55,KAPA 3G,NZ Psyllids/Martoni F.,Triozidae,Trioza,Trioza MASSEY,Oleaeria odorata,24/01/2017
479A_S186,479A,3,16S_F,16S_R,25,55,KAPA 3G,NZ Psyllids/Martoni F.,Triozidae,Trioza,Trioza MASSEY,Olearia odorata,24/01/2017
68_S62,68,2,16S_F,16S_R,25,55,KAPA 3G,NZ Psyllids/Martoni F.,Triozidae,Trioza,Trioza obscura,Hebe sp.,8/01/2015
478A_S85,478A,3,16S_F,16S_R,25,55,KAPA 3G,NZ Psyllids/Martoni F.,Triozidae,Trioza,Trioza obscura,Hebe sp.,24/01/2017
478B_S86,478B,3,16S_F,16S_R,25,55,KAPA 3G,NZ Psyllids/Martoni F.,Triozidae,Trioza,Trioza obscura,Hebe sp.,24/01/2017
62_S58,62,2,16S_F,16S_R,25,55,KAPA 3G,NZ Psyllids/Martoni F.,Triozidae,Trioza,Trioza OMAHUTA,Metrosideros umbellata,27/01/2015
456_S171,456,3,16S_F,16S_R,25,55,KAPA 3G,NZ Psyllids/Martoni F.,Triozidae,Trioza,Trioza OMAHUTA,Brachyglottis repanda,1/12/2016
472A_S183,472A,3,16S_F,16S_R,25,55,KAPA 3G,NZ Psyllids/Martoni F.,Triozidae,Trioza,Trioza OMAHUTA,Brachyglottis repanda,17/01/2017
472a_S188,472a,3,16S_F,16S_R,25,55,KAPA 3G,NZ Psyllids/Martoni F.,Triozidae,Trioza,Trioza OMAHUTA,Brachyglottis repanda,17/01/2017
72_S65,72,2,16S_F,16S_R,25,55,KAPA 3G,NZ Psyllids/Martoni F.,Triozidae,Trioza,Trioza panacis,Pseudopanax crassifolius,16/02/2015
57b_S54,57B,2,16S_F,16S_R,25,55,KAPA 3G,NZ Psyllids/Martoni F.,Triozidae,Trioza,Trioza PRICE'S VALLEY,Plagianthus sp.,9/11/2014
410_S141,410,3,16S_F,16S_R,25,55,KAPA 3G,NZ Psyllids/Martoni F.,Triozidae,Trioza,Trioza sp. A,Pittosporum divaricartum,27/03/2016
468A_S180,468A,3,16S_F,16S_R,25,55,KAPA 3G,NZ Psyllids/Martoni F.,Triozidae,Trioza,Trioza sp. A,Pittosporum divaricartum,14/01/2017
468B_S181,468B,3,16S_F,16S_R,25,55,KAPA 3G,NZ Psyllids/Martoni F.,Triozidae,Trioza,Trioza sp. A,Pittosporum divaricartum,14/01/2017
160_S128,160,2,16S_F,16S_R,25,55,KAPA 3G,NZ Psyllids/Martoni F.,Triozidae,Trioza,Trioza acuta B,Ozothamnus sp.,5/04/2015
412_S142,412,3,16S_F,16S_R,25,55,KAPA 3G,NZ Psyllids/Martoni F.,Triozidae,Trioza,Trioza sp. B,Olearia arborescens,28/03/2016
47_S45,47,2,16S_F,16S_R,25,55,KAPA 3G,NZ Psyllids/Martoni F.,Triozidae,Trioza,Trioza sp. C,Pseudopanax edgerlii,27/10/2014
442A_S157,442A,3,16S_F,16S_R,25,55,KAPA 3G,NZ Psyllids/Martoni F.,Triozidae,Trioza,Trioza sp. D,Olearia virgata,24/10/2016
442B_S158,442B,3,16S_F,16S_R,25,55,KAPA 3G,NZ Psyllids/Martoni F.,Triozidae,Trioza,Trioza sp. D,Olearia virgata,24/10/2016
442b_S159,442b,3,16S_F,16S_R,25,55,KAPA 3G,NZ Psyllids/Martoni F.,Triozidae,Trioza,Trioza sp. D,Olearia virgata,24/10/2016
120a_S101,120A,2,16S_F,16S_R,25,55,KAPA 3G,NZ Psyllids/Martoni F.,Triozidae,Trioza,Trioza subacuta,Olearia avicenniifolia,10/03/2015
159a_S127,159A,2,16S_F,16S_R,25,55,KAPA 3G,NZ Psyllids/Martoni F.,Triozidae,Trioza,Trioza subacuta,Olearia avicenniifolia,5/04/2015
257_S129,257,3,16S_F,16S_R,25,55,KAPA 3G,NZ Psyllids/Martoni F.,Triozidae,Trioza,Trioza subvexa,Olearia,17/01/2016
458_S174,458,3,16S_F,16S_R,25,55,KAPA 3G,NZ Psyllids/Martoni F.,Triozidae,Trioza,Trioza subvexa,Olearia avicenniifolia,1/12/2016
477A_S87,477A,3,16S_F,16S_R,25,55,KAPA 3G,NZ Psyllids/Martoni F.,Triozidae,Trioza,Trioza subvexa,Olearia avicenniifolia,24/01/2017
477B_S84,477B,3,16S_F,16S_R,25,55,KAPA 3G,NZ Psyllids/Martoni F.,Triozidae,Trioza,Trioza subvexa,Olearia avicenniifolia,24/01/2017
53_S50,53,2,16S_F,16S_R,25,55,KAPA 3G,NZ Psyllids/Martoni F.,Triozidae,Trioza,Trioza vitreoradiata,Pittosporum crassifolius,30/11/2014
59_S56,59,2,16S_F,16S_R,25,55,KAPA 3G,NZ Psyllids/Martoni F.,Triozidae,Trioza,Trioza vitreoradiata,Pittosporum crassifolius,23/01/2015
84_S73,84,2,16S_F,16S_R,25,55,KAPA 3G,NZ Psyllids/Martoni F.,Triozidae,Trioza,Trioza vitreoradiata,Pittosporum crassifolius,25/02/2015
88_S75,88,2,16S_F,16S_R,25,55,KAPA 3G,NZ Psyllids/Martoni F.,Triozidae,Trioza,Trioza vitreoradiata,Pittosporum crassifolius,25/02/2015
90_S77,90,2,16S_F,16S_R,25,55,KAPA 3G,NZ Psyllids/Martoni F.,Triozidae,Trioza,Trioza vitreoradiata,Pittosporum crassifolius,26/02/2015
102_S84,102,2,16S_F,16S_R,25,55,KAPA 3G,NZ Psyllids/Martoni F.,Triozidae,Trioza,Trioza vitreoradiata,Pittosporum crassifolius,28/02/2015
104_S85,104,2,16S_F,16S_R,25,55,KAPA 3G,NZ Psyllids/Martoni F.,Triozidae,Trioza,Trioza vitreoradiata,Pittosporum crassifolius,2/03/2015
133_S110,133,2,16S_F,16S_R,25,55,KAPA 3G,NZ Psyllids/Martoni F.,Triozidae,Trioza,Trioza vitreoradiata,Pittosporum crassifolius,25/03/2015
148_S120,148,2,16S_F,16S_R,25,55,KAPA 3G,NZ Psyllids/Martoni F.,Triozidae,Trioza,Trioza vitreoradiata,Pittosporum crassifolius,29/03/2015
169_S135,169,2,16S_F,16S_R,25,55,KAPA 3G,NZ Psyllids/Martoni F.,Triozidae,Trioza,Trioza vitreoradiata,Pittosporum crassifolius,16/04/2015
Mock_S192,Mock,3,16S_F,16S_R,25,55,KAPA 3G,NZ Psyllids/Martoni F.,,,,,
PCRctrl_S191,PCR_negative,3,16S_F,16S_R,25,55,KAPA 3G,NZ Psyllids/Martoni F.,,,,,
